domain,L,metric,kind,covar,covar_label,rho,p,n
potomac2,1,storage,temporary,dist_to_stream,Dist. to stream,0.092136117209814,2.830915067136565e-08,3613
potomac2,1,storage,temporary,HAND,HAND,-0.11174263257386954,1.5620102514214108e-11,3613
potomac2,1,storage,temporary,rel_elev,Rel. elevation,-0.12680613740792251,1.8569637248800973e-14,3613
potomac2,1,storage,temporary,slope_mag,Slope,-0.07344788225189292,9.771224996660422e-06,3615
potomac2,1,storage,temporary,baseline_WTD,Baseline WTD,-0.018713615776832167,0.26066613681980194,3615
potomac2,1,storage,temporary,local_recharge_base,Local recharge (base),-0.07735962994008275,3.1834335891715615e-06,3615
potomac2,1,storage,temporary,PME_static,Static PME,-0.0297822452601178,0.0733832127153774,3615
potomac2,1,storage,temporary,porosity_col,Porosity (col.),0.36184789971987624,7.490506194083268e-115,3615
potomac2,1,storage,temporary,log10_K_col,log₁₀ K (col.),0.004972075713587744,0.765074491019871,3615
potomac2,1,storage,temporary,log10_K_top,log₁₀ K (top),-0.15433201439153738,8.760377740266989e-21,3615
potomac2,1,storage,temporary,flowbarrier_min,Flow barrier (min),0.03826829229187033,0.02138909405462062,3615
potomac2,1,storage,temporary,sand_frac,Sand fraction,-0.07076204154807937,2.0886935355620065e-05,3607
potomac2,1,storage,temporary,clay_frac,Clay fraction,0.031823965709091746,0.05598610363454497,3607
potomac2,1,storage,temporary,mannings,Mannings,0.005037373122158773,0.7620817116173937,3615
potomac2,1,storage,persistent,dist_to_stream,Dist. to stream,-0.18423904078809372,4.191686889428475e-29,3613
potomac2,1,storage,persistent,HAND,HAND,-0.1171698055781016,1.5224345565420428e-12,3613
potomac2,1,storage,persistent,rel_elev,Rel. elevation,-0.1436423569629691,3.605072841029213e-18,3613
potomac2,1,storage,persistent,slope_mag,Slope,-0.11807056649689979,1.0089217901414637e-12,3615
potomac2,1,storage,persistent,baseline_WTD,Baseline WTD,-0.08374938790426692,4.531683670100298e-07,3615
potomac2,1,storage,persistent,local_recharge_base,Local recharge (base),-0.11291888360119098,9.394823845619253e-12,3615
potomac2,1,storage,persistent,PME_static,Static PME,-0.1934282369685969,5.355692772306789e-32,3615
potomac2,1,storage,persistent,porosity_col,Porosity (col.),0.20069587819402104,2.20891229048936e-34,3615
potomac2,1,storage,persistent,log10_K_col,log₁₀ K (col.),0.3645524867683989,1.0256733906620061e-116,3615
potomac2,1,storage,persistent,log10_K_top,log₁₀ K (top),-0.3334876071811457,1.8990848242572075e-96,3615
potomac2,1,storage,persistent,flowbarrier_min,Flow barrier (min),-0.07517259768643511,5.999530353971703e-06,3615
potomac2,1,storage,persistent,sand_frac,Sand fraction,-0.024572696827110236,0.14008416117682868,3607
potomac2,1,storage,persistent,clay_frac,Clay fraction,-0.029880539035598706,0.07275536962233832,3607
potomac2,1,storage,persistent,mannings,Mannings,-0.006755503263145678,0.6847342531570517,3615
potomac2,1,WTD,temporary,dist_to_stream,Dist. to stream,0.32402850638136826,1.0510108214184828e-90,3613
potomac2,1,WTD,temporary,HAND,HAND,-0.19639371767019864,6.091406766724077e-33,3613
potomac2,1,WTD,temporary,rel_elev,Rel. elevation,-0.22717662342178332,7.094866533748749e-44,3613
potomac2,1,WTD,temporary,slope_mag,Slope,-0.281749535729819,7.717841117500411e-68,3615
potomac2,1,WTD,temporary,baseline_WTD,Baseline WTD,-0.24216546596973287,7.053090838334832e-50,3615
potomac2,1,WTD,temporary,local_recharge_base,Local recharge (base),-0.15877221963139995,6.355789911325748e-22,3615
potomac2,1,WTD,temporary,PME_static,Static PME,0.034939727786393794,0.035664686764616746,3615
potomac2,1,WTD,temporary,porosity_col,Porosity (col.),0.1456688843073478,1.1713610712826512e-18,3615
potomac2,1,WTD,temporary,log10_K_col,log₁₀ K (col.),0.10524412466840348,2.1718044595988893e-10,3615
potomac2,1,WTD,temporary,log10_K_top,log₁₀ K (top),0.06064802646639259,0.0002628329177476622,3615
potomac2,1,WTD,temporary,flowbarrier_min,Flow barrier (min),0.4442122194050233,4.318306007379506e-181,3615
potomac2,1,WTD,temporary,sand_frac,Sand fraction,0.06882222801645506,3.5008867047040896e-05,3607
potomac2,1,WTD,temporary,clay_frac,Clay fraction,0.04100486663155903,0.013776473087144919,3607
potomac2,1,WTD,temporary,mannings,Mannings,0.038743601380783525,0.019824480442591084,3615
potomac2,1,WTD,persistent,dist_to_stream,Dist. to stream,-0.05834071816152493,0.00044931060394096307,3613
potomac2,1,WTD,persistent,HAND,HAND,0.01920139988927616,0.24857199754646342,3613
potomac2,1,WTD,persistent,rel_elev,Rel. elevation,-0.003939704700060119,0.8128805446984965,3613
potomac2,1,WTD,persistent,slope_mag,Slope,0.141122899312947,1.360203509039838e-17,3615
potomac2,1,WTD,persistent,baseline_WTD,Baseline WTD,0.024565914721736307,0.1397543196094183,3615
potomac2,1,WTD,persistent,local_recharge_base,Local recharge (base),0.02557514417131743,0.12419555926597035,3615
potomac2,1,WTD,persistent,PME_static,Static PME,-0.10069601561519033,1.2601096910627474e-09,3615
potomac2,1,WTD,persistent,porosity_col,Porosity (col.),-0.01495711921010576,0.3686586991272578,3615
potomac2,1,WTD,persistent,log10_K_col,log₁₀ K (col.),0.050599638669197346,0.0023373977517573545,3615
potomac2,1,WTD,persistent,log10_K_top,log₁₀ K (top),-0.21429289132128365,4.187324581835485e-39,3615
potomac2,1,WTD,persistent,flowbarrier_min,Flow barrier (min),-0.04413949617304651,0.00794248945176173,3615
potomac2,1,WTD,persistent,sand_frac,Sand fraction,0.03743936274704387,0.024534107664414127,3607
potomac2,1,WTD,persistent,clay_frac,Clay fraction,-0.03915976242135194,0.018668081669825632,3607
potomac2,1,WTD,persistent,mannings,Mannings,0.0673970531536548,4.9769434091258453e-05,3615
potomac2,3,storage,temporary,dist_to_stream,Dist. to stream,0.06965948495520685,2.7631153511347125e-05,3613
potomac2,3,storage,temporary,HAND,HAND,-0.10789321348295432,7.620390917642413e-11,3613
potomac2,3,storage,temporary,rel_elev,Rel. elevation,-0.12188546828156892,1.8408950453459573e-13,3613
potomac2,3,storage,temporary,slope_mag,Slope,-0.057499052378162496,0.0005411709024304944,3615
potomac2,3,storage,temporary,baseline_WTD,Baseline WTD,-0.000623117876109446,0.9701267347116593,3615
potomac2,3,storage,temporary,local_recharge_base,Local recharge (base),-0.06820749640454403,4.031976692365765e-05,3615
potomac2,3,storage,temporary,PME_static,Static PME,-0.05250707929852757,0.0015854198748986106,3615
potomac2,3,storage,temporary,porosity_col,Porosity (col.),0.3489794700088687,3.011092039659013e-106,3615
potomac2,3,storage,temporary,log10_K_col,log₁₀ K (col.),0.019071664728274606,0.2516526523527691,3615
potomac2,3,storage,temporary,log10_K_top,log₁₀ K (top),-0.17628553084024678,9.47911013943454e-27,3615
potomac2,3,storage,temporary,flowbarrier_min,Flow barrier (min),0.02851223666166762,0.08651997885523771,3615
potomac2,3,storage,temporary,sand_frac,Sand fraction,-0.07822461197840432,2.529995728625774e-06,3607
potomac2,3,storage,temporary,clay_frac,Clay fraction,0.023833974757472953,0.1524004812073963,3607
potomac2,3,storage,temporary,mannings,Mannings,0.023149813449619652,0.16405856279097186,3615
potomac2,3,storage,persistent,dist_to_stream,Dist. to stream,-0.22467889322780207,6.375948710083513e-43,3613
potomac2,3,storage,persistent,HAND,HAND,-0.1437500225397887,3.4013598404848752e-18,3613
potomac2,3,storage,persistent,rel_elev,Rel. elevation,-0.16611591462119835,7.188411794111128e-24,3613
potomac2,3,storage,persistent,slope_mag,Slope,-0.1635628978774673,3.434561022934626e-23,3615
potomac2,3,storage,persistent,baseline_WTD,Baseline WTD,-0.11925683911883737,5.951119110598271e-13,3615
potomac2,3,storage,persistent,local_recharge_base,Local recharge (base),-0.16474826163998962,1.6450648772564726e-23,3615
potomac2,3,storage,persistent,PME_static,Static PME,-0.22717004257729487,6.762980288441602e-44,3615
potomac2,3,storage,persistent,porosity_col,Porosity (col.),0.2358956243595945,2.527834322157391e-47,3615
potomac2,3,storage,persistent,log10_K_col,log₁₀ K (col.),0.3891209281599518,1.4800697772018068e-134,3615
potomac2,3,storage,persistent,log10_K_top,log₁₀ K (top),-0.3726907322513168,1.929395430304443e-122,3615
potomac2,3,storage,persistent,flowbarrier_min,Flow barrier (min),-0.07104130329647629,1.8961524968040684e-05,3615
potomac2,3,storage,persistent,sand_frac,Sand fraction,-0.05568415505100198,0.0008187809214107297,3607
potomac2,3,storage,persistent,clay_frac,Clay fraction,-0.012183956754718707,0.46448624735821575,3607
potomac2,3,storage,persistent,mannings,Mannings,-0.018344797679562527,0.2701815699222175,3615
potomac2,3,WTD,temporary,dist_to_stream,Dist. to stream,0.3153898576681251,1.0778291541088811e-85,3613
potomac2,3,WTD,temporary,HAND,HAND,-0.1996295990693094,5.223639263042789e-34,3613
potomac2,3,WTD,temporary,rel_elev,Rel. elevation,-0.22820692005737123,2.845162678196699e-44,3613
potomac2,3,WTD,temporary,slope_mag,Slope,-0.2840964584029626,5.244866170563454e-69,3615
potomac2,3,WTD,temporary,baseline_WTD,Baseline WTD,-0.25753671543104695,1.8009723322585968e-56,3615
potomac2,3,WTD,temporary,local_recharge_base,Local recharge (base),-0.16802919815270997,2.0826358501977062e-24,3615
potomac2,3,WTD,temporary,PME_static,Static PME,0.02892854025025914,0.08201926833213076,3615
potomac2,3,WTD,temporary,porosity_col,Porosity (col.),0.14408272497328847,2.7810425498082675e-18,3615
potomac2,3,WTD,temporary,log10_K_col,log₁₀ K (col.),0.10862959652474106,5.5831156920885446e-11,3615
potomac2,3,WTD,temporary,log10_K_top,log₁₀ K (top),0.05508479612622069,0.0009198918698104415,3615
potomac2,3,WTD,temporary,flowbarrier_min,Flow barrier (min),0.44642490420296627,3.627579467484024e-183,3615
potomac2,3,WTD,temporary,sand_frac,Sand fraction,0.0688632667108397,3.46331672478376e-05,3607
potomac2,3,WTD,temporary,clay_frac,Clay fraction,0.038418898548721554,0.021024180546346617,3607
potomac2,3,WTD,temporary,mannings,Mannings,0.04458013118301023,0.007339391656133283,3615
potomac2,3,WTD,persistent,dist_to_stream,Dist. to stream,-0.030172632210469754,0.06976691086677396,3613
potomac2,3,WTD,persistent,HAND,HAND,0.11334986154655391,7.928990512033042e-12,3613
potomac2,3,WTD,persistent,rel_elev,Rel. elevation,0.10008907139292224,1.6006681716905584e-09,3613
potomac2,3,WTD,persistent,slope_mag,Slope,0.23174488703329613,1.1259654794309586e-45,3615
potomac2,3,WTD,persistent,baseline_WTD,Baseline WTD,0.17083546010162035,3.4358077774209236e-25,3615
potomac2,3,WTD,persistent,local_recharge_base,Local recharge (base),0.12773694808280042,1.1710990317402925e-14,3615
potomac2,3,WTD,persistent,PME_static,Static PME,-0.05921419964153243,0.0003667292167919282,3615
potomac2,3,WTD,persistent,porosity_col,Porosity (col.),-0.03836717584063298,0.02105501422453142,3615
potomac2,3,WTD,persistent,log10_K_col,log₁₀ K (col.),-0.00218395386704796,0.8955730708826458,3615
potomac2,3,WTD,persistent,log10_K_top,log₁₀ K (top),-0.21012780250026666,1.2733005424001642e-37,3615
potomac2,3,WTD,persistent,flowbarrier_min,Flow barrier (min),-0.014177724507021748,0.3941379683425731,3615
potomac2,3,WTD,persistent,sand_frac,Sand fraction,0.047180286850979344,0.004589833769184447,3607
potomac2,3,WTD,persistent,clay_frac,Clay fraction,-0.044797264830023685,0.00712104690375226,3607
potomac2,3,WTD,persistent,mannings,Mannings,0.1417401766623557,9.795904684193622e-18,3615
potomac2,10,storage,temporary,dist_to_stream,Dist. to stream,0.05712965973559435,0.0005897637564105351,3613
potomac2,10,storage,temporary,HAND,HAND,-0.11053520417661518,2.5831646467585832e-11,3613
potomac2,10,storage,temporary,rel_elev,Rel. elevation,-0.1234390750110688,9.011239687335921e-14,3613
potomac2,10,storage,temporary,slope_mag,Slope,-0.06225685978535555,0.0001793351152760397,3615
potomac2,10,storage,temporary,baseline_WTD,Baseline WTD,-0.004124981144596312,0.8042021625302944,3615
potomac2,10,storage,temporary,local_recharge_base,Local recharge (base),-0.07385382616401928,8.719733655879874e-06,3615
potomac2,10,storage,temporary,recharge_anom_rec1_10yr,"Δ recharge (rec. yr1, 10yr)",0.7565428969654581,0.0,3615
potomac2,10,storage,temporary,PME_static,Static PME,-0.06401022156437983,0.00011702497772034882,3615
potomac2,10,storage,temporary,porosity_col,Porosity (col.),0.3465959709515322,1.0607793001912046e-104,3615
potomac2,10,storage,temporary,log10_K_col,log₁₀ K (col.),0.028254177740713066,0.08940856657515794,3615
potomac2,10,storage,temporary,log10_K_top,log₁₀ K (top),-0.18506332504647274,2.2655628979618825e-29,3615
potomac2,10,storage,temporary,flowbarrier_min,Flow barrier (min),0.01906589761140366,0.2517960897921018,3615
potomac2,10,storage,temporary,sand_frac,Sand fraction,-0.07244735360023996,1.3192430525793821e-05,3607
potomac2,10,storage,temporary,clay_frac,Clay fraction,0.017990507664147948,0.2800769390342001,3607
potomac2,10,storage,temporary,mannings,Mannings,0.012669158347004496,0.44638468786268237,3615
potomac2,10,storage,persistent,dist_to_stream,Dist. to stream,-0.23248533006996358,6.085963898655432e-46,3613
potomac2,10,storage,persistent,HAND,HAND,-0.09974008434920574,1.8245577381646455e-09,3613
potomac2,10,storage,persistent,rel_elev,Rel. elevation,-0.11602271193658067,2.5132849030281434e-12,3613
potomac2,10,storage,persistent,slope_mag,Slope,-0.1236348923962271,8.101717545284749e-14,3615
potomac2,10,storage,persistent,baseline_WTD,Baseline WTD,-0.0584437985316449,0.00043731817434019247,3615
potomac2,10,storage,persistent,local_recharge_base,Local recharge (base),-0.14103257474070682,1.4269559493728097e-17,3615
potomac2,10,storage,persistent,recharge_anom_rec1_10yr,"Δ recharge (rec. yr1, 10yr)",0.49744966249868855,4.348242569763174e-236,3615
potomac2,10,storage,persistent,PME_static,Static PME,-0.23213805128470658,7.884688449648711e-46,3615
potomac2,10,storage,persistent,porosity_col,Porosity (col.),0.2388613476996184,1.5999759273412657e-48,3615
potomac2,10,storage,persistent,log10_K_col,log₁₀ K (col.),0.3343550814873496,5.56568094546324e-97,3615
potomac2,10,storage,persistent,log10_K_top,log₁₀ K (top),-0.36331616362932184,7.332703187037579e-116,3615
potomac2,10,storage,persistent,flowbarrier_min,Flow barrier (min),-0.056486826334248806,0.0006776359364849415,3615
potomac2,10,storage,persistent,sand_frac,Sand fraction,-0.06664058022560011,6.16007100010361e-05,3607
potomac2,10,storage,persistent,clay_frac,Clay fraction,-0.008197742262049602,0.6226141966455363,3607
potomac2,10,storage,persistent,mannings,Mannings,0.011453574881917875,0.4912078486528766,3615
potomac2,10,WTD,temporary,dist_to_stream,Dist. to stream,0.28313911482373333,1.7156668760806663e-68,3613
potomac2,10,WTD,temporary,HAND,HAND,-0.21254401294001846,1.8575030886294202e-38,3613
potomac2,10,WTD,temporary,rel_elev,Rel. elevation,-0.24244284323425228,5.758136238420231e-50,3613
potomac2,10,WTD,temporary,slope_mag,Slope,-0.28785564344594705,6.675153024388516e-71,3615
potomac2,10,WTD,temporary,baseline_WTD,Baseline WTD,-0.28085831245462944,2.1273563948190102e-67,3615
potomac2,10,WTD,temporary,local_recharge_base,Local recharge (base),-0.16157974859841076,1.1622091919834881e-22,3615
potomac2,10,WTD,temporary,recharge_anom_rec1_10yr,"Δ recharge (rec. yr1, 10yr)",0.13106198561427446,2.3299625942869865e-15,3615
potomac2,10,WTD,temporary,PME_static,Static PME,0.010325784493003063,0.5348622828111759,3615
potomac2,10,WTD,temporary,porosity_col,Porosity (col.),0.13150344032500202,1.8744366170255814e-15,3615
potomac2,10,WTD,temporary,log10_K_col,log₁₀ K (col.),0.11162098028347106,1.6226699288896958e-11,3615
potomac2,10,WTD,temporary,log10_K_top,log₁₀ K (top),0.05054772191669621,0.0023618159847270267,3615
potomac2,10,WTD,temporary,flowbarrier_min,Flow barrier (min),0.3740195027513801,2.1553619273062364e-123,3615
potomac2,10,WTD,temporary,sand_frac,Sand fraction,0.0630857472556868,0.00014926847751453514,3607
potomac2,10,WTD,temporary,clay_frac,Clay fraction,0.03925008994524172,0.018397240721409316,3607
potomac2,10,WTD,temporary,mannings,Mannings,-0.016555352556067278,0.31970405512599565,3615
potomac2,10,WTD,persistent,dist_to_stream,Dist. to stream,-0.01796729064131216,0.28029812804122695,3613
potomac2,10,WTD,persistent,HAND,HAND,0.19030883369536739,5.485117677365198e-31,3613
potomac2,10,WTD,persistent,rel_elev,Rel. elevation,0.18529850232639702,1.9880767731745514e-29,3613
potomac2,10,WTD,persistent,slope_mag,Slope,0.2629888037969332,6.341119582309467e-59,3615
potomac2,10,WTD,persistent,baseline_WTD,Baseline WTD,0.30239800880231105,1.5859343339123222e-78,3615
potomac2,10,WTD,persistent,local_recharge_base,Local recharge (base),0.19917492634784156,7.098998600355549e-34,3615
potomac2,10,WTD,persistent,recharge_anom_rec1_10yr,"Δ recharge (rec. yr1, 10yr)",0.19034841621010157,5.133848453436717e-31,3615
potomac2,10,WTD,persistent,PME_static,Static PME,-0.061824918378937825,0.0001988937060465831,3615
potomac2,10,WTD,persistent,porosity_col,Porosity (col.),-0.04525957471963389,0.006489672947653431,3615
potomac2,10,WTD,persistent,log10_K_col,log₁₀ K (col.),-0.01895111842136413,0.2546626900915441,3615
potomac2,10,WTD,persistent,log10_K_top,log₁₀ K (top),-0.18069242427422977,4.7608988558032085e-28,3615
potomac2,10,WTD,persistent,flowbarrier_min,Flow barrier (min),0.016718256334770445,0.31496453673130165,3615
potomac2,10,WTD,persistent,sand_frac,Sand fraction,0.05514431304403528,0.0009201816789443862,3607
potomac2,10,WTD,persistent,clay_frac,Clay fraction,-0.06143928657904708,0.00022157509990143373,3607
potomac2,10,WTD,persistent,mannings,Mannings,0.18062042345594134,5.002532510666816e-28,3615
wolf2,1,storage,temporary,dist_to_stream,Dist. to stream,0.17300255149451368,4.751889955831015e-11,1420
wolf2,1,storage,temporary,HAND,HAND,-0.29193237932893185,1.0637596745460188e-29,1420
wolf2,1,storage,temporary,rel_elev,Rel. elevation,-0.020367028717048645,0.44321034954011246,1420
wolf2,1,storage,temporary,slope_mag,Slope,0.12463325868686603,2.2890395225702836e-06,1426
wolf2,1,storage,temporary,baseline_WTD,Baseline WTD,-0.04837593679023156,0.06780581564165118,1426
wolf2,1,storage,temporary,local_recharge_base,Local recharge (base),-0.4287061583051019,5.7234525440502855e-67,1426
wolf2,1,storage,temporary,PME_static,Static PME,0.24256225244831395,9.988808421345712e-21,1426
wolf2,1,storage,temporary,porosity_col,Porosity (col.),0.36351141699879613,8.035345404265545e-47,1426
wolf2,1,storage,temporary,log10_K_col,log₁₀ K (col.),0.046740406844369434,0.07765478045920195,1426
wolf2,1,storage,temporary,log10_K_top,log₁₀ K (top),-0.19856318336085396,3.1702572356812375e-14,1426
wolf2,1,storage,temporary,flowbarrier_min,Flow barrier (min),-0.07491573394792735,0.004635538355134546,1426
wolf2,1,storage,temporary,sand_frac,Sand fraction,0.10397421298490082,8.415107719850598e-05,1423
wolf2,1,storage,temporary,clay_frac,Clay fraction,0.10602834604000308,6.058302700679704e-05,1423
wolf2,1,storage,temporary,mannings,Mannings,0.28899303310559016,3.2067915152496977e-29,1426
wolf2,1,storage,persistent,dist_to_stream,Dist. to stream,-0.3000803642924209,2.17425406688427e-31,1420
wolf2,1,storage,persistent,HAND,HAND,-0.015622696069773078,0.5564423909244229,1420
wolf2,1,storage,persistent,rel_elev,Rel. elevation,-0.01335021239822945,0.6152647192088158,1420
wolf2,1,storage,persistent,slope_mag,Slope,0.06257581058216226,0.018097603272358827,1426
wolf2,1,storage,persistent,baseline_WTD,Baseline WTD,0.3621784139714681,1.8509639207261755e-46,1426
wolf2,1,storage,persistent,local_recharge_base,Local recharge (base),-0.36074471347876624,4.5196312398381665e-46,1426
wolf2,1,storage,persistent,PME_static,Static PME,-0.02068842523853082,0.43507658995702947,1426
wolf2,1,storage,persistent,porosity_col,Porosity (col.),0.3337709649951331,3.646090398171158e-39,1426
wolf2,1,storage,persistent,log10_K_col,log₁₀ K (col.),0.2947188011485255,2.159973689562998e-30,1426
wolf2,1,storage,persistent,log10_K_top,log₁₀ K (top),-0.5513679370774301,4.168951534867593e-121,1426
wolf2,1,storage,persistent,flowbarrier_min,Flow barrier (min),-0.4279398469932782,1.0570214747138289e-66,1426
wolf2,1,storage,persistent,sand_frac,Sand fraction,-0.20310899620357445,8.382159119584844e-15,1423
wolf2,1,storage,persistent,clay_frac,Clay fraction,0.2709356289462531,1.1731169023171674e-25,1423
wolf2,1,storage,persistent,mannings,Mannings,-0.07679765051662386,0.003699274821057719,1426
wolf2,1,WTD,temporary,dist_to_stream,Dist. to stream,-0.08129558446084709,0.0021623109338850042,1420
wolf2,1,WTD,temporary,HAND,HAND,0.12115724161987307,4.5781780340965594e-06,1420
wolf2,1,WTD,temporary,rel_elev,Rel. elevation,-0.10718582839165194,5.113852746413716e-05,1420
wolf2,1,WTD,temporary,slope_mag,Slope,-0.2925312208233072,6.101277235094684e-30,1426
wolf2,1,WTD,temporary,baseline_WTD,Baseline WTD,-0.06484308645614849,0.014305811833989825,1426
wolf2,1,WTD,temporary,local_recharge_base,Local recharge (base),0.10107985958097866,0.00013020602142508526,1426
wolf2,1,WTD,temporary,PME_static,Static PME,0.04950115947650188,0.061644596154931855,1426
wolf2,1,WTD,temporary,porosity_col,Porosity (col.),-0.12438438907881715,2.3989317828905784e-06,1426
wolf2,1,WTD,temporary,log10_K_col,log₁₀ K (col.),0.2505815994552744,4.535029486246503e-22,1426
wolf2,1,WTD,temporary,log10_K_top,log₁₀ K (top),0.06100153174323305,0.02122255926277552,1426
wolf2,1,WTD,temporary,flowbarrier_min,Flow barrier (min),0.021571618941018188,0.4157220833208694,1426
wolf2,1,WTD,temporary,sand_frac,Sand fraction,-0.20767321251977197,2.001806267661912e-15,1423
wolf2,1,WTD,temporary,clay_frac,Clay fraction,-0.1328799792999173,4.7266511878867416e-07,1423
wolf2,1,WTD,temporary,mannings,Mannings,-0.09756823566674801,0.0002222519096559847,1426
wolf2,1,WTD,persistent,dist_to_stream,Dist. to stream,-0.03063328156275576,0.24870875722180802,1420
wolf2,1,WTD,persistent,HAND,HAND,0.014144672867498998,0.594390620137893,1420
wolf2,1,WTD,persistent,rel_elev,Rel. elevation,0.15327793000727158,6.038641366588853e-09,1420
wolf2,1,WTD,persistent,slope_mag,Slope,0.1842137469545281,2.0760263380937193e-12,1426
wolf2,1,WTD,persistent,baseline_WTD,Baseline WTD,0.5828848656826562,1.2690460065622721e-139,1426
wolf2,1,WTD,persistent,local_recharge_base,Local recharge (base),0.016742829306819328,0.5276199938243197,1426
wolf2,1,WTD,persistent,PME_static,Static PME,0.06576431121550455,0.012977311553998068,1426
wolf2,1,WTD,persistent,porosity_col,Porosity (col.),0.055313687161140414,0.03673365222167167,1426
wolf2,1,WTD,persistent,log10_K_col,log₁₀ K (col.),-0.01572397356882931,0.5530478530074556,1426
wolf2,1,WTD,persistent,log10_K_top,log₁₀ K (top),-0.16049448029800376,1.0146900025770828e-09,1426
wolf2,1,WTD,persistent,flowbarrier_min,Flow barrier (min),-0.14854606162593426,1.6486977853452216e-08,1426
wolf2,1,WTD,persistent,sand_frac,Sand fraction,-0.021085535632297873,0.42679870917185364,1423
wolf2,1,WTD,persistent,clay_frac,Clay fraction,0.13055579682108537,7.499505375538156e-07,1423
wolf2,1,WTD,persistent,mannings,Mannings,0.0006377775130409746,0.9808058060735897,1426
wolf2,3,storage,temporary,dist_to_stream,Dist. to stream,0.13647780097512976,2.3446959822562933e-07,1420
wolf2,3,storage,temporary,HAND,HAND,-0.28597457122157854,1.6827828984967398e-28,1420
wolf2,3,storage,temporary,rel_elev,Rel. elevation,0.001934015281138921,0.9419634049436185,1420
wolf2,3,storage,temporary,slope_mag,Slope,0.15043451258405358,1.076643978612134e-08,1426
wolf2,3,storage,temporary,baseline_WTD,Baseline WTD,0.011852705799513738,0.6547763797564223,1426
wolf2,3,storage,temporary,local_recharge_base,Local recharge (base),-0.43390881102304735,8.485852666007302e-69,1426
wolf2,3,storage,temporary,PME_static,Static PME,0.24140666699117905,1.5449091597796917e-20,1426
wolf2,3,storage,temporary,porosity_col,Porosity (col.),0.3639290013138613,6.181551144473324e-47,1426
wolf2,3,storage,temporary,log10_K_col,log₁₀ K (col.),0.07718871241128954,0.0035277258614873634,1426
wolf2,3,storage,temporary,log10_K_top,log₁₀ K (top),-0.25450924340388514,9.559174504529137e-23,1426
wolf2,3,storage,temporary,flowbarrier_min,Flow barrier (min),-0.1365791695438689,2.1655984961389415e-07,1426
wolf2,3,storage,temporary,sand_frac,Sand fraction,0.08739815082548293,0.0009605324516812235,1423
wolf2,3,storage,temporary,clay_frac,Clay fraction,0.1421149366328996,6.975635213044722e-08,1423
wolf2,3,storage,temporary,mannings,Mannings,0.27314555792134615,4.0118850644528666e-26,1426
wolf2,3,storage,persistent,dist_to_stream,Dist. to stream,-0.3209984492715361,5.3741382229909165e-36,1420
wolf2,3,storage,persistent,HAND,HAND,0.011507187659853453,0.6648804613740066,1420
wolf2,3,storage,persistent,rel_elev,Rel. elevation,0.0321832095479594,0.22555333140052136,1420
wolf2,3,storage,persistent,slope_mag,Slope,0.10126178376933605,0.0001265888045507279,1426
wolf2,3,storage,persistent,baseline_WTD,Baseline WTD,0.4169105011600455,5.969946462800961e-63,1426
wolf2,3,storage,persistent,local_recharge_base,Local recharge (base),-0.36807002059687965,4.4834659856845457e-48,1426
wolf2,3,storage,persistent,PME_static,Static PME,-0.029813685583410222,0.2605952699444759,1426
wolf2,3,storage,persistent,porosity_col,Porosity (col.),0.34889623082327154,6.0042092114047e-43,1426
wolf2,3,storage,persistent,log10_K_col,log₁₀ K (col.),0.27961678847692084,2.3126490323636755e-27,1426
wolf2,3,storage,persistent,log10_K_top,log₁₀ K (top),-0.5798641610518008,9.558859410502655e-138,1426
wolf2,3,storage,persistent,flowbarrier_min,Flow barrier (min),-0.4559102616037012,6.2041200172569826e-77,1426
wolf2,3,storage,persistent,sand_frac,Sand fraction,-0.20468052601371586,5.139354209441532e-15,1423
wolf2,3,storage,persistent,clay_frac,Clay fraction,0.27277039083250065,5.316138094255237e-26,1423
wolf2,3,storage,persistent,mannings,Mannings,-0.07852868848876157,0.002993312207796099,1426
wolf2,3,WTD,temporary,dist_to_stream,Dist. to stream,-0.11206407987285716,2.2730590216021846e-05,1420
wolf2,3,WTD,temporary,HAND,HAND,0.12451630182264187,2.457476581973141e-06,1420
wolf2,3,WTD,temporary,rel_elev,Rel. elevation,-0.10089434638428683,0.00013844013218598835,1420
wolf2,3,WTD,temporary,slope_mag,Slope,-0.28660394611528944,9.696081521950961e-29,1426
wolf2,3,WTD,temporary,baseline_WTD,Baseline WTD,-0.052987965953513655,0.045422403854591724,1426
wolf2,3,WTD,temporary,local_recharge_base,Local recharge (base),0.07973131823909378,0.002577630915842521,1426
wolf2,3,WTD,temporary,PME_static,Static PME,0.057804191682527165,0.029038603038045015,1426
wolf2,3,WTD,temporary,porosity_col,Porosity (col.),-0.10806676892082583,4.2665753914984084e-05,1426
wolf2,3,WTD,temporary,log10_K_col,log₁₀ K (col.),0.29773085671421706,5.089751932380952e-31,1426
wolf2,3,WTD,temporary,log10_K_top,log₁₀ K (top),0.002887589724351914,0.9132596745689492,1426
wolf2,3,WTD,temporary,flowbarrier_min,Flow barrier (min),-0.030306293296731374,0.252795963399425,1426
wolf2,3,WTD,temporary,sand_frac,Sand fraction,-0.21385847499506835,2.7196901529473203e-16,1423
wolf2,3,WTD,temporary,clay_frac,Clay fraction,-0.1160315397403974,1.1221671129903311e-05,1423
wolf2,3,WTD,temporary,mannings,Mannings,-0.09388723491611053,0.0003821126795479421,1426
wolf2,3,WTD,persistent,dist_to_stream,Dist. to stream,-0.0699016121536811,0.00839864577215625,1420
wolf2,3,WTD,persistent,HAND,HAND,0.0511526359334943,0.05395173758656917,1420
wolf2,3,WTD,persistent,rel_elev,Rel. elevation,0.1770109047205467,1.6487600237475327e-11,1420
wolf2,3,WTD,persistent,slope_mag,Slope,0.19683176880262537,5.34509690326812e-14,1426
wolf2,3,WTD,persistent,baseline_WTD,Baseline WTD,0.6145350726575789,9.56844953007603e-161,1426
wolf2,3,WTD,persistent,local_recharge_base,Local recharge (base),-0.015878005556610536,0.5491654547390133,1426
wolf2,3,WTD,persistent,PME_static,Static PME,0.054101423428175956,0.04106779101880133,1426
wolf2,3,WTD,persistent,porosity_col,Porosity (col.),0.10936434802576035,3.441667413410722e-05,1426
wolf2,3,WTD,persistent,log10_K_col,log₁₀ K (col.),0.0049870489043077676,0.8507775892348277,1426
wolf2,3,WTD,persistent,log10_K_top,log₁₀ K (top),-0.22376188295942248,8.992233536157853e-18,1426
wolf2,3,WTD,persistent,flowbarrier_min,Flow barrier (min),-0.19509465165502085,8.982978363595015e-14,1426
wolf2,3,WTD,persistent,sand_frac,Sand fraction,-0.04914094090358267,0.06384434538372295,1423
wolf2,3,WTD,persistent,clay_frac,Clay fraction,0.14255385388117722,6.34912470727993e-08,1423
wolf2,3,WTD,persistent,mannings,Mannings,-0.025024917532560344,0.3450654647067095,1426
wolf2,10,storage,temporary,dist_to_stream,Dist. to stream,0.11147810010690581,2.510085197561179e-05,1420
wolf2,10,storage,temporary,HAND,HAND,-0.27469133739312956,2.599927182985693e-26,1420
wolf2,10,storage,temporary,rel_elev,Rel. elevation,0.01500904740034789,0.5720541008413061,1420
wolf2,10,storage,temporary,slope_mag,Slope,0.16274082460663178,5.862157908426942e-10,1426
wolf2,10,storage,temporary,baseline_WTD,Baseline WTD,0.05279404480826155,0.046219215169968575,1426
wolf2,10,storage,temporary,local_recharge_base,Local recharge (base),-0.4370819419779119,6.248478624174171e-70,1426
wolf2,10,storage,temporary,recharge_anom_rec1_10yr,"Δ recharge (rec. yr1, 10yr)",0.4867845605289462,1.575014359275931e-89,1426
wolf2,10,storage,temporary,PME_static,Static PME,0.23363691379628834,2.7264766580225024e-19,1426
wolf2,10,storage,temporary,porosity_col,Porosity (col.),0.3689790663137586,2.5063883064255433e-48,1426
wolf2,10,storage,temporary,log10_K_col,log₁₀ K (col.),0.09592094878589524,0.000283911788410246,1426
wolf2,10,storage,temporary,log10_K_top,log₁₀ K (top),-0.2901036268706384,1.9099762116188933e-29,1426
wolf2,10,storage,temporary,flowbarrier_min,Flow barrier (min),-0.17411567369415282,3.2293087963591753e-11,1426
wolf2,10,storage,temporary,sand_frac,Sand fraction,0.08350123914975606,0.001610978542459326,1423
wolf2,10,storage,temporary,clay_frac,Clay fraction,0.15896887754624395,1.5254900990635984e-09,1423
wolf2,10,storage,temporary,mannings,Mannings,0.26423643316277123,1.7901227153701443e-24,1426
wolf2,10,storage,persistent,dist_to_stream,Dist. to stream,-0.26255469684770427,4.488196363476086e-24,1420
wolf2,10,storage,persistent,HAND,HAND,0.0019666588874942444,0.9409855953008698,1420
wolf2,10,storage,persistent,rel_elev,Rel. elevation,0.1037243739674846,8.906607523465346e-05,1420
wolf2,10,storage,persistent,slope_mag,Slope,0.17561867844249993,2.1685189134280096e-11,1426
wolf2,10,storage,persistent,baseline_WTD,Baseline WTD,0.5042659227505021,2.4924326681239117e-97,1426
wolf2,10,storage,persistent,local_recharge_base,Local recharge (base),-0.32188707497047964,2.3974874601020595e-36,1426
wolf2,10,storage,persistent,recharge_anom_rec1_10yr,"Δ recharge (rec. yr1, 10yr)",0.042516013056157,0.10854112066432606,1426
wolf2,10,storage,persistent,PME_static,Static PME,-0.0160118136298197,0.5458037365173369,1426
wolf2,10,storage,persistent,porosity_col,Porosity (col.),0.31915533188226985,1.020424742110046e-35,1426
wolf2,10,storage,persistent,log10_K_col,log₁₀ K (col.),0.17938049622356053,7.87938060986866e-12,1426
wolf2,10,storage,persistent,log10_K_top,log₁₀ K (top),-0.5309677512466784,2.784660831445879e-110,1426
wolf2,10,storage,persistent,flowbarrier_min,Flow barrier (min),-0.4176079965366495,3.493210289904271e-63,1426
wolf2,10,storage,persistent,sand_frac,Sand fraction,-0.1831929417822001,2.9089183319778827e-12,1423
wolf2,10,storage,persistent,clay_frac,Clay fraction,0.28047819982976036,1.7826662385088775e-27,1423
wolf2,10,storage,persistent,mannings,Mannings,-0.052911092731272875,0.045736877667573485,1426
wolf2,10,WTD,temporary,dist_to_stream,Dist. to stream,-0.14802838631681778,1.982912002511308e-08,1420
wolf2,10,WTD,temporary,HAND,HAND,0.12570695316149597,1.9633668825125016e-06,1420
wolf2,10,WTD,temporary,rel_elev,Rel. elevation,-0.11116232591709349,2.6473658816073604e-05,1420
wolf2,10,WTD,temporary,slope_mag,Slope,-0.2846440100128448,2.3832469154880438e-28,1426
wolf2,10,WTD,temporary,baseline_WTD,Baseline WTD,-0.03295379283492199,0.21366323816135774,1426
wolf2,10,WTD,temporary,local_recharge_base,Local recharge (base),0.05190561614528029,0.050021530992804125,1426
wolf2,10,WTD,temporary,recharge_anom_rec1_10yr,"Δ recharge (rec. yr1, 10yr)",-0.015161010469455428,0.5673506633733084,1426
wolf2,10,WTD,temporary,PME_static,Static PME,0.05033824414355607,0.05736761098851292,1426
wolf2,10,WTD,temporary,porosity_col,Porosity (col.),-0.09567270820076736,0.00029448626922938396,1426
wolf2,10,WTD,temporary,log10_K_col,log₁₀ K (col.),0.3388523983749069,2.068952348618089e-40,1426
wolf2,10,WTD,temporary,log10_K_top,log₁₀ K (top),-0.05667131726348751,0.032347772639064375,1426
wolf2,10,WTD,temporary,flowbarrier_min,Flow barrier (min),-0.07555891816127289,0.004293838996839068,1426
wolf2,10,WTD,temporary,sand_frac,Sand fraction,-0.21774694931814698,7.502629443005191e-17,1423
wolf2,10,WTD,temporary,clay_frac,Clay fraction,-0.11279527360993657,1.9668926861916544e-05,1423
wolf2,10,WTD,temporary,mannings,Mannings,-0.09281526812438246,0.00044584329570899567,1426
wolf2,10,WTD,persistent,dist_to_stream,Dist. to stream,-0.10988920850528347,3.276596783567245e-05,1420
wolf2,10,WTD,persistent,HAND,HAND,0.05785708533583111,0.029231319671675186,1420
wolf2,10,WTD,persistent,rel_elev,Rel. elevation,0.19797851460610694,4.2783015185084384e-14,1420
wolf2,10,WTD,persistent,slope_mag,Slope,0.19412964358971588,1.1960404288918804e-13,1426
wolf2,10,WTD,persistent,baseline_WTD,Baseline WTD,0.6382005371628139,1.767080689991212e-178,1426
wolf2,10,WTD,persistent,local_recharge_base,Local recharge (base),-0.022845853846627764,0.38871137958843427,1426
wolf2,10,WTD,persistent,recharge_anom_rec1_10yr,"Δ recharge (rec. yr1, 10yr)",0.015702930269136457,0.5535792938344447,1426
wolf2,10,WTD,persistent,PME_static,Static PME,0.06119572601685874,0.02081328318440301,1426
wolf2,10,WTD,persistent,porosity_col,Porosity (col.),0.13535615034661697,2.7837920740806174e-07,1426
wolf2,10,WTD,persistent,log10_K_col,log₁₀ K (col.),0.03551529831851724,0.1801492391665752,1426
wolf2,10,WTD,persistent,log10_K_top,log₁₀ K (top),-0.28244837240060544,6.469036210355474e-28,1426
wolf2,10,WTD,persistent,flowbarrier_min,Flow barrier (min),-0.22942567155309534,1.2361414959552234e-18,1426
wolf2,10,WTD,persistent,sand_frac,Sand fraction,-0.08977180384336156,0.0006938635617154297,1423
wolf2,10,WTD,persistent,clay_frac,Clay fraction,0.15768274764446272,2.0735790693719313e-09,1423
wolf2,10,WTD,persistent,mannings,Mannings,-0.0336468809127702,0.20418097812835012,1426
